{
	"version": 1,
	"changelists": [
		{
			"guid": "00000000000000000000000000000000",
			"description": "Default Uncontrolled Changelist",
			"files": [
				"C:/Users/Sky/OneDrive/Desktop/cs415/CS415MPs/Unreal Projects/UnrealLearningKit/Content/LearningKit_Games/Blueprints/PlayerCharacter/UI/WB_Main.uasset",
				"C:/Users/Sky/OneDrive/Desktop/cs415/CS415MPs/Unreal Projects/UnrealLearningKit/Content/LearningKit_Games/Blueprints/PlayerCharacter/BP_PlayerCharacterController.uasset",
				"C:/Users/Sky/OneDrive/Desktop/cs415/CS415MPs/Unreal Projects/UnrealLearningKit/Content/LearningKit_Games/Maps/LearningKit_Games_Showcase.umap",
				"C:/Users/Sky/OneDrive/Desktop/cs415/CS415MPs/Unreal Projects/UnrealLearningKit/Content/LearningKit_Games/Blueprints/PlayerCharacter/BP_LearningKit_PlayerCharacter.uasset",
				"C:/Users/Sky/OneDrive/Desktop/cs415/CS415MPs/Unreal Projects/UnrealLearningKit/Content/LearningKit_Games/Blueprints/GameFramework/BP_LearningKitGameMode.uasset",
				"C:/Users/Sky/OneDrive/Desktop/cs415/CS415MPs/Unreal Projects/UnrealLearningKit/Content/LearningKit_Games/Blueprints/WB_GameOver.uasset",
				"C:/Users/Sky/OneDrive/Desktop/cs415/CS415MPs/Unreal Projects/UnrealLearningKit/Content/LearningKit_Games/Blueprints/BP_HealthCollectible.uasset",
				"C:/Users/Sky/OneDrive/Desktop/cs415/CS415MPs/Unreal Projects/UnrealLearningKit/Content/LearningKit_Games/Blueprints/SpawnPoint.uasset",
				"C:/Users/Sky/OneDrive/Desktop/cs415/CS415MPs/Unreal Projects/UnrealLearningKit/Content/LearningKit_Games/Blueprints/BP_ScoreCollectible.uasset",
				"C:/Users/Sky/OneDrive/Desktop/cs415/CS415MPs/Unreal Projects/UnrealLearningKit/Content/LearningKit_Games/Blueprints/WB_Score.uasset",
				"C:/Users/Sky/OneDrive/Desktop/cs415/CS415MPs/Unreal Projects/UnrealLearningKit/Content/LearningKit_Games/Blueprints/BP_Pursuer.uasset",
				"C:/Users/Sky/OneDrive/Desktop/cs415/CS415MPs/Unreal Projects/UnrealLearningKit/Content/LearningKit_Games/Blueprints/Pursuer_AIController.uasset",
				"C:/Users/Sky/OneDrive/Desktop/cs415/CS415MPs/Unreal Projects/UnrealLearningKit/Content/LearningKit_Games/Blueprints/EAIState.uasset",
				"C:/Users/Sky/OneDrive/Desktop/cs415/CS415MPs/Unreal Projects/UnrealLearningKit/Content/LearningKit_Games/Blueprints/target1.uasset",
				"C:/Users/Sky/OneDrive/Desktop/cs415/CS415MPs/Unreal Projects/UnrealLearningKit/Content/LearningKit_Games/Blueprints/target2.uasset",
				"C:/Users/Sky/OneDrive/Desktop/cs415/CS415MPs/Unreal Projects/UnrealLearningKit/Content/LearningKit_Games/Blueprints/mortar/BP_Mortar.uasset",
				"C:/Users/Sky/OneDrive/Desktop/cs415/CS415MPs/Unreal Projects/UnrealLearningKit/Content/LearningKit_Games/Blueprints/mortar/BP_Bullet.uasset",
				"C:/Users/Sky/OneDrive/Desktop/cs415/CS415MPs/Unreal Projects/UnrealLearningKit/Content/NewMap.umap",
				"C:/Users/Sky/OneDrive/Desktop/cs415/CS415MPs/Unreal Projects/UnrealLearningKit/Content/CustomMeshes/Arrow_20E1B5CE.uasset",
				"C:/Users/Sky/OneDrive/Desktop/cs415/CS415MPs/Unreal Projects/UnrealLearningKit/Content/CustomMeshes/Boolean_DB79EADF.uasset",
				"C:/Users/Sky/OneDrive/Desktop/cs415/CS415MPs/Unreal Projects/UnrealLearningKit/Content/CustomMeshes/Box_887F1AB2.uasset",
				"C:/Users/Sky/OneDrive/Desktop/cs415/CS415MPs/Unreal Projects/UnrealLearningKit/Content/CustomMeshes/Cylinder_D5EE7C51.uasset",
				"C:/Users/Sky/OneDrive/Desktop/cs415/CS415MPs/Unreal Projects/UnrealLearningKit/Content/CustomMeshes/Path_0F32739A.uasset",
				"C:/Users/Sky/OneDrive/Desktop/cs415/CS415MPs/Unreal Projects/UnrealLearningKit/Content/CustomMeshes/Stairs_187F9723.uasset",
				"C:/Users/Sky/OneDrive/Desktop/cs415/CS415MPs/Unreal Projects/UnrealLearningKit/Content/CustomMeshes/Stairs_F36F9F43.uasset",
				"C:/Users/Sky/OneDrive/Desktop/cs415/CS415MPs/Unreal Projects/UnrealLearningKit/Content/CustomMeshes/Lava.uasset",
				"C:/Users/Sky/OneDrive/Desktop/cs415/CS415MPs/Unreal Projects/UnrealLearningKit/Content/LearningKit_Games/Blueprints/PlayerCharacter/UI/Path_C80958A0.uasset",
				"C:/Users/Sky/OneDrive/Desktop/cs415/CS415MPs/Unreal Projects/UnrealLearningKit/Content/CustomMeshes/RotatingPole.uasset",
				"C:/Users/Sky/OneDrive/Desktop/cs415/CS415MPs/Unreal Projects/UnrealLearningKit/Content/LearningKit_Games/Blueprints/Box_1D3C1A63.uasset",
				"C:/Users/Sky/OneDrive/Desktop/cs415/CS415MPs/Unreal Projects/UnrealLearningKit/Content/LearningKit_Games/Assets/Environment/Islands/Cylinder_3DA039D7.uasset",
				"C:/Users/Sky/OneDrive/Desktop/cs415/CS415MPs/Unreal Projects/UnrealLearningKit/Content/CustomMeshes/Merge_ADCC028A.uasset",
				"C:/Users/Sky/OneDrive/Desktop/cs415/CS415MPs/Unreal Projects/UnrealLearningKit/Content/LearningKit_Games/Assets/Architecture/Gates/GateSound.uasset",
				"C:/Users/Sky/OneDrive/Desktop/cs415/CS415MPs/Unreal Projects/UnrealLearningKit/Content/LearningKit_Games/Blueprints/BP_ShieldGuy/BP_ShieldGuy.uasset",
				"C:/Users/Sky/OneDrive/Desktop/cs415/CS415MPs/Unreal Projects/UnrealLearningKit/Content/LearningKit_Games/Blueprints/BP_ShieldGuy/BP_SpecialShield.uasset",
				"C:/Users/Sky/OneDrive/Desktop/cs415/CS415MPs/Unreal Projects/UnrealLearningKit/Content/LearningKit_Games/Blueprints/BP_ShieldGuy/BP_SpecialShieldGuy.uasset",
				"C:/Users/Sky/OneDrive/Desktop/cs415/CS415MPs/Unreal Projects/UnrealLearningKit/Content/LearningKit_Games/Assets/Architecture/Gates/Box_D3FC68B5.uasset",
				"C:/Users/Sky/OneDrive/Desktop/cs415/CS415MPs/Unreal Projects/UnrealLearningKit/Content/LearningKit_Games/Assets/Architecture/Gates/Disc_62014BC4.uasset",
				"C:/Users/Sky/OneDrive/Desktop/cs415/CS415MPs/Unreal Projects/UnrealLearningKit/Content/CustomMeshes/Torus_9C02B5AE.uasset",
				"C:/Users/Sky/OneDrive/Desktop/cs415/CS415MPs/Unreal Projects/UnrealLearningKit/Content/LearningKit_Games/Blueprints/BP_FloatingIsland.uasset",
				"C:/Users/Sky/OneDrive/Desktop/cs415/CS415MPs/Unreal Projects/UnrealLearningKit/Content/LearningKit_Games/Blueprints/Interactables/BP_Teleporter.uasset",
				"C:/Users/Sky/OneDrive/Desktop/cs415/CS415MPs/Unreal Projects/UnrealLearningKit/Content/LearningKit_Games/Blueprints/BP_ShieldGuy/BP_Projectile.uasset",
				"C:/Users/Sky/OneDrive/Desktop/cs415/CS415MPs/Unreal Projects/UnrealLearningKit/Content/PinRPG_Potion_Assets/Textures/T_Potion_99.uasset",
				"C:/Users/Sky/OneDrive/Desktop/cs415/CS415MPs/Unreal Projects/UnrealLearningKit/Content/PinRPG_Potion_Assets/Textures/T_Potion_98.uasset",
				"C:/Users/Sky/OneDrive/Desktop/cs415/CS415MPs/Unreal Projects/UnrealLearningKit/Content/PinRPG_Potion_Assets/Textures/T_Potion_97.uasset",
				"C:/Users/Sky/OneDrive/Desktop/cs415/CS415MPs/Unreal Projects/UnrealLearningKit/Content/PinRPG_Potion_Assets/Textures/T_Potion_96.uasset",
				"C:/Users/Sky/OneDrive/Desktop/cs415/CS415MPs/Unreal Projects/UnrealLearningKit/Content/PinRPG_Potion_Assets/Textures/T_Potion_95.uasset",
				"C:/Users/Sky/OneDrive/Desktop/cs415/CS415MPs/Unreal Projects/UnrealLearningKit/Content/PinRPG_Potion_Assets/Textures/T_Potion_94.uasset",
				"C:/Users/Sky/OneDrive/Desktop/cs415/CS415MPs/Unreal Projects/UnrealLearningKit/Content/PinRPG_Potion_Assets/Textures/T_Potion_93.uasset",
				"C:/Users/Sky/OneDrive/Desktop/cs415/CS415MPs/Unreal Projects/UnrealLearningKit/Content/PinRPG_Potion_Assets/Textures/T_Potion_92.uasset",
				"C:/Users/Sky/OneDrive/Desktop/cs415/CS415MPs/Unreal Projects/UnrealLearningKit/Content/PinRPG_Potion_Assets/Textures/T_Potion_91.uasset",
				"C:/Users/Sky/OneDrive/Desktop/cs415/CS415MPs/Unreal Projects/UnrealLearningKit/Content/PinRPG_Potion_Assets/Textures/T_Potion_90.uasset",
				"C:/Users/Sky/OneDrive/Desktop/cs415/CS415MPs/Unreal Projects/UnrealLearningKit/Content/PinRPG_Potion_Assets/Textures/T_Potion_9.uasset",
				"C:/Users/Sky/OneDrive/Desktop/cs415/CS415MPs/Unreal Projects/UnrealLearningKit/Content/PinRPG_Potion_Assets/Textures/T_Potion_89.uasset",
				"C:/Users/Sky/OneDrive/Desktop/cs415/CS415MPs/Unreal Projects/UnrealLearningKit/Content/PinRPG_Potion_Assets/Textures/T_Potion_88.uasset",
				"C:/Users/Sky/OneDrive/Desktop/cs415/CS415MPs/Unreal Projects/UnrealLearningKit/Content/PinRPG_Potion_Assets/Textures/T_Potion_87.uasset",
				"C:/Users/Sky/OneDrive/Desktop/cs415/CS415MPs/Unreal Projects/UnrealLearningKit/Content/PinRPG_Potion_Assets/Textures/T_Potion_86.uasset",
				"C:/Users/Sky/OneDrive/Desktop/cs415/CS415MPs/Unreal Projects/UnrealLearningKit/Content/PinRPG_Potion_Assets/Textures/T_Potion_85.uasset",
				"C:/Users/Sky/OneDrive/Desktop/cs415/CS415MPs/Unreal Projects/UnrealLearningKit/Content/PinRPG_Potion_Assets/Textures/T_Potion_84.uasset",
				"C:/Users/Sky/OneDrive/Desktop/cs415/CS415MPs/Unreal Projects/UnrealLearningKit/Content/PinRPG_Potion_Assets/Textures/T_Potion_83.uasset",
				"C:/Users/Sky/OneDrive/Desktop/cs415/CS415MPs/Unreal Projects/UnrealLearningKit/Content/PinRPG_Potion_Assets/Textures/T_Potion_82.uasset",
				"C:/Users/Sky/OneDrive/Desktop/cs415/CS415MPs/Unreal Projects/UnrealLearningKit/Content/PinRPG_Potion_Assets/Textures/T_Potion_81.uasset",
				"C:/Users/Sky/OneDrive/Desktop/cs415/CS415MPs/Unreal Projects/UnrealLearningKit/Content/PinRPG_Potion_Assets/Textures/T_Potion_80.uasset",
				"C:/Users/Sky/OneDrive/Desktop/cs415/CS415MPs/Unreal Projects/UnrealLearningKit/Content/PinRPG_Potion_Assets/Textures/T_Potion_8.uasset",
				"C:/Users/Sky/OneDrive/Desktop/cs415/CS415MPs/Unreal Projects/UnrealLearningKit/Content/PinRPG_Potion_Assets/Textures/T_Potion_79.uasset",
				"C:/Users/Sky/OneDrive/Desktop/cs415/CS415MPs/Unreal Projects/UnrealLearningKit/Content/PinRPG_Potion_Assets/Textures/T_Potion_78.uasset",
				"C:/Users/Sky/OneDrive/Desktop/cs415/CS415MPs/Unreal Projects/UnrealLearningKit/Content/PinRPG_Potion_Assets/Textures/T_Potion_77.uasset",
				"C:/Users/Sky/OneDrive/Desktop/cs415/CS415MPs/Unreal Projects/UnrealLearningKit/Content/PinRPG_Potion_Assets/Textures/T_Potion_76.uasset",
				"C:/Users/Sky/OneDrive/Desktop/cs415/CS415MPs/Unreal Projects/UnrealLearningKit/Content/PinRPG_Potion_Assets/Textures/T_Potion_75.uasset",
				"C:/Users/Sky/OneDrive/Desktop/cs415/CS415MPs/Unreal Projects/UnrealLearningKit/Content/PinRPG_Potion_Assets/Textures/T_Potion_74.uasset",
				"C:/Users/Sky/OneDrive/Desktop/cs415/CS415MPs/Unreal Projects/UnrealLearningKit/Content/PinRPG_Potion_Assets/Textures/T_Potion_73.uasset",
				"C:/Users/Sky/OneDrive/Desktop/cs415/CS415MPs/Unreal Projects/UnrealLearningKit/Content/PinRPG_Potion_Assets/Textures/T_Potion_72.uasset",
				"C:/Users/Sky/OneDrive/Desktop/cs415/CS415MPs/Unreal Projects/UnrealLearningKit/Content/PinRPG_Potion_Assets/Textures/T_Potion_71.uasset",
				"C:/Users/Sky/OneDrive/Desktop/cs415/CS415MPs/Unreal Projects/UnrealLearningKit/Content/PinRPG_Potion_Assets/Textures/T_Potion_70.uasset",
				"C:/Users/Sky/OneDrive/Desktop/cs415/CS415MPs/Unreal Projects/UnrealLearningKit/Content/PinRPG_Potion_Assets/Textures/T_Potion_7.uasset",
				"C:/Users/Sky/OneDrive/Desktop/cs415/CS415MPs/Unreal Projects/UnrealLearningKit/Content/PinRPG_Potion_Assets/Textures/T_Potion_69.uasset",
				"C:/Users/Sky/OneDrive/Desktop/cs415/CS415MPs/Unreal Projects/UnrealLearningKit/Content/PinRPG_Potion_Assets/Textures/T_Potion_68.uasset",
				"C:/Users/Sky/OneDrive/Desktop/cs415/CS415MPs/Unreal Projects/UnrealLearningKit/Content/PinRPG_Potion_Assets/Textures/T_Potion_67.uasset",
				"C:/Users/Sky/OneDrive/Desktop/cs415/CS415MPs/Unreal Projects/UnrealLearningKit/Content/PinRPG_Potion_Assets/Textures/T_Potion_66.uasset",
				"C:/Users/Sky/OneDrive/Desktop/cs415/CS415MPs/Unreal Projects/UnrealLearningKit/Content/PinRPG_Potion_Assets/Textures/T_Potion_65.uasset",
				"C:/Users/Sky/OneDrive/Desktop/cs415/CS415MPs/Unreal Projects/UnrealLearningKit/Content/PinRPG_Potion_Assets/Textures/T_Potion_64.uasset",
				"C:/Users/Sky/OneDrive/Desktop/cs415/CS415MPs/Unreal Projects/UnrealLearningKit/Content/PinRPG_Potion_Assets/Textures/T_Potion_63.uasset",
				"C:/Users/Sky/OneDrive/Desktop/cs415/CS415MPs/Unreal Projects/UnrealLearningKit/Content/PinRPG_Potion_Assets/Textures/T_Potion_62.uasset",
				"C:/Users/Sky/OneDrive/Desktop/cs415/CS415MPs/Unreal Projects/UnrealLearningKit/Content/PinRPG_Potion_Assets/Textures/T_Potion_61.uasset",
				"C:/Users/Sky/OneDrive/Desktop/cs415/CS415MPs/Unreal Projects/UnrealLearningKit/Content/PinRPG_Potion_Assets/Textures/T_Potion_60.uasset",
				"C:/Users/Sky/OneDrive/Desktop/cs415/CS415MPs/Unreal Projects/UnrealLearningKit/Content/PinRPG_Potion_Assets/Textures/T_Potion_6.uasset",
				"C:/Users/Sky/OneDrive/Desktop/cs415/CS415MPs/Unreal Projects/UnrealLearningKit/Content/PinRPG_Potion_Assets/Textures/T_Potion_59.uasset",
				"C:/Users/Sky/OneDrive/Desktop/cs415/CS415MPs/Unreal Projects/UnrealLearningKit/Content/PinRPG_Potion_Assets/Textures/T_Potion_58.uasset",
				"C:/Users/Sky/OneDrive/Desktop/cs415/CS415MPs/Unreal Projects/UnrealLearningKit/Content/PinRPG_Potion_Assets/Textures/T_Potion_57.uasset",
				"C:/Users/Sky/OneDrive/Desktop/cs415/CS415MPs/Unreal Projects/UnrealLearningKit/Content/PinRPG_Potion_Assets/Textures/T_Potion_56.uasset",
				"C:/Users/Sky/OneDrive/Desktop/cs415/CS415MPs/Unreal Projects/UnrealLearningKit/Content/PinRPG_Potion_Assets/Textures/T_Potion_55.uasset",
				"C:/Users/Sky/OneDrive/Desktop/cs415/CS415MPs/Unreal Projects/UnrealLearningKit/Content/PinRPG_Potion_Assets/Textures/T_Potion_54.uasset",
				"C:/Users/Sky/OneDrive/Desktop/cs415/CS415MPs/Unreal Projects/UnrealLearningKit/Content/PinRPG_Potion_Assets/Textures/T_Potion_53.uasset",
				"C:/Users/Sky/OneDrive/Desktop/cs415/CS415MPs/Unreal Projects/UnrealLearningKit/Content/PinRPG_Potion_Assets/Textures/T_Potion_52.uasset",
				"C:/Users/Sky/OneDrive/Desktop/cs415/CS415MPs/Unreal Projects/UnrealLearningKit/Content/PinRPG_Potion_Assets/Textures/T_Potion_51.uasset",
				"C:/Users/Sky/OneDrive/Desktop/cs415/CS415MPs/Unreal Projects/UnrealLearningKit/Content/PinRPG_Potion_Assets/Textures/T_Potion_50.uasset",
				"C:/Users/Sky/OneDrive/Desktop/cs415/CS415MPs/Unreal Projects/UnrealLearningKit/Content/PinRPG_Potion_Assets/Textures/T_Potion_5.uasset",
				"C:/Users/Sky/OneDrive/Desktop/cs415/CS415MPs/Unreal Projects/UnrealLearningKit/Content/PinRPG_Potion_Assets/Textures/T_Potion_49.uasset",
				"C:/Users/Sky/OneDrive/Desktop/cs415/CS415MPs/Unreal Projects/UnrealLearningKit/Content/PinRPG_Potion_Assets/Textures/T_Potion_48.uasset",
				"C:/Users/Sky/OneDrive/Desktop/cs415/CS415MPs/Unreal Projects/UnrealLearningKit/Content/PinRPG_Potion_Assets/Textures/T_Potion_47.uasset",
				"C:/Users/Sky/OneDrive/Desktop/cs415/CS415MPs/Unreal Projects/UnrealLearningKit/Content/PinRPG_Potion_Assets/Textures/T_Potion_46.uasset",
				"C:/Users/Sky/OneDrive/Desktop/cs415/CS415MPs/Unreal Projects/UnrealLearningKit/Content/PinRPG_Potion_Assets/Textures/T_Potion_45.uasset",
				"C:/Users/Sky/OneDrive/Desktop/cs415/CS415MPs/Unreal Projects/UnrealLearningKit/Content/PinRPG_Potion_Assets/Textures/T_Potion_44.uasset",
				"C:/Users/Sky/OneDrive/Desktop/cs415/CS415MPs/Unreal Projects/UnrealLearningKit/Content/PinRPG_Potion_Assets/Textures/T_Potion_43.uasset",
				"C:/Users/Sky/OneDrive/Desktop/cs415/CS415MPs/Unreal Projects/UnrealLearningKit/Content/PinRPG_Potion_Assets/Textures/T_Potion_42.uasset",
				"C:/Users/Sky/OneDrive/Desktop/cs415/CS415MPs/Unreal Projects/UnrealLearningKit/Content/PinRPG_Potion_Assets/Textures/T_Potion_41.uasset",
				"C:/Users/Sky/OneDrive/Desktop/cs415/CS415MPs/Unreal Projects/UnrealLearningKit/Content/PinRPG_Potion_Assets/Textures/T_Potion_40.uasset",
				"C:/Users/Sky/OneDrive/Desktop/cs415/CS415MPs/Unreal Projects/UnrealLearningKit/Content/PinRPG_Potion_Assets/Textures/T_Potion_4.uasset",
				"C:/Users/Sky/OneDrive/Desktop/cs415/CS415MPs/Unreal Projects/UnrealLearningKit/Content/PinRPG_Potion_Assets/Textures/T_Potion_39.uasset",
				"C:/Users/Sky/OneDrive/Desktop/cs415/CS415MPs/Unreal Projects/UnrealLearningKit/Content/PinRPG_Potion_Assets/Textures/T_Potion_38.uasset",
				"C:/Users/Sky/OneDrive/Desktop/cs415/CS415MPs/Unreal Projects/UnrealLearningKit/Content/PinRPG_Potion_Assets/Textures/T_Potion_37.uasset",
				"C:/Users/Sky/OneDrive/Desktop/cs415/CS415MPs/Unreal Projects/UnrealLearningKit/Content/PinRPG_Potion_Assets/Textures/T_Potion_36.uasset",
				"C:/Users/Sky/OneDrive/Desktop/cs415/CS415MPs/Unreal Projects/UnrealLearningKit/Content/PinRPG_Potion_Assets/Textures/T_Potion_35.uasset",
				"C:/Users/Sky/OneDrive/Desktop/cs415/CS415MPs/Unreal Projects/UnrealLearningKit/Content/PinRPG_Potion_Assets/Textures/T_Potion_34.uasset",
				"C:/Users/Sky/OneDrive/Desktop/cs415/CS415MPs/Unreal Projects/UnrealLearningKit/Content/PinRPG_Potion_Assets/Textures/T_Potion_33.uasset",
				"C:/Users/Sky/OneDrive/Desktop/cs415/CS415MPs/Unreal Projects/UnrealLearningKit/Content/PinRPG_Potion_Assets/Textures/T_Potion_32.uasset",
				"C:/Users/Sky/OneDrive/Desktop/cs415/CS415MPs/Unreal Projects/UnrealLearningKit/Content/PinRPG_Potion_Assets/Textures/T_Potion_31.uasset",
				"C:/Users/Sky/OneDrive/Desktop/cs415/CS415MPs/Unreal Projects/UnrealLearningKit/Content/PinRPG_Potion_Assets/Textures/T_Potion_30.uasset",
				"C:/Users/Sky/OneDrive/Desktop/cs415/CS415MPs/Unreal Projects/UnrealLearningKit/Content/PinRPG_Potion_Assets/Textures/T_Potion_3.uasset",
				"C:/Users/Sky/OneDrive/Desktop/cs415/CS415MPs/Unreal Projects/UnrealLearningKit/Content/PinRPG_Potion_Assets/Textures/T_Potion_29.uasset",
				"C:/Users/Sky/OneDrive/Desktop/cs415/CS415MPs/Unreal Projects/UnrealLearningKit/Content/PinRPG_Potion_Assets/Textures/T_Potion_28.uasset",
				"C:/Users/Sky/OneDrive/Desktop/cs415/CS415MPs/Unreal Projects/UnrealLearningKit/Content/PinRPG_Potion_Assets/Textures/T_Potion_27.uasset",
				"C:/Users/Sky/OneDrive/Desktop/cs415/CS415MPs/Unreal Projects/UnrealLearningKit/Content/PinRPG_Potion_Assets/Textures/T_Potion_26.uasset",
				"C:/Users/Sky/OneDrive/Desktop/cs415/CS415MPs/Unreal Projects/UnrealLearningKit/Content/PinRPG_Potion_Assets/Textures/T_Potion_25.uasset",
				"C:/Users/Sky/OneDrive/Desktop/cs415/CS415MPs/Unreal Projects/UnrealLearningKit/Content/PinRPG_Potion_Assets/Textures/T_Potion_24.uasset",
				"C:/Users/Sky/OneDrive/Desktop/cs415/CS415MPs/Unreal Projects/UnrealLearningKit/Content/PinRPG_Potion_Assets/Textures/T_Potion_23.uasset",
				"C:/Users/Sky/OneDrive/Desktop/cs415/CS415MPs/Unreal Projects/UnrealLearningKit/Content/PinRPG_Potion_Assets/Textures/T_Potion_22.uasset",
				"C:/Users/Sky/OneDrive/Desktop/cs415/CS415MPs/Unreal Projects/UnrealLearningKit/Content/PinRPG_Potion_Assets/Textures/T_Potion_21.uasset",
				"C:/Users/Sky/OneDrive/Desktop/cs415/CS415MPs/Unreal Projects/UnrealLearningKit/Content/PinRPG_Potion_Assets/Textures/T_Potion_20.uasset",
				"C:/Users/Sky/OneDrive/Desktop/cs415/CS415MPs/Unreal Projects/UnrealLearningKit/Content/PinRPG_Potion_Assets/Textures/T_Potion_2.uasset",
				"C:/Users/Sky/OneDrive/Desktop/cs415/CS415MPs/Unreal Projects/UnrealLearningKit/Content/PinRPG_Potion_Assets/Textures/T_Potion_19.uasset",
				"C:/Users/Sky/OneDrive/Desktop/cs415/CS415MPs/Unreal Projects/UnrealLearningKit/Content/PinRPG_Potion_Assets/Textures/T_Potion_18.uasset",
				"C:/Users/Sky/OneDrive/Desktop/cs415/CS415MPs/Unreal Projects/UnrealLearningKit/Content/PinRPG_Potion_Assets/Textures/T_Potion_17.uasset",
				"C:/Users/Sky/OneDrive/Desktop/cs415/CS415MPs/Unreal Projects/UnrealLearningKit/Content/PinRPG_Potion_Assets/Textures/T_Potion_16.uasset",
				"C:/Users/Sky/OneDrive/Desktop/cs415/CS415MPs/Unreal Projects/UnrealLearningKit/Content/PinRPG_Potion_Assets/Textures/T_Potion_155.uasset",
				"C:/Users/Sky/OneDrive/Desktop/cs415/CS415MPs/Unreal Projects/UnrealLearningKit/Content/PinRPG_Potion_Assets/Textures/T_Potion_154.uasset",
				"C:/Users/Sky/OneDrive/Desktop/cs415/CS415MPs/Unreal Projects/UnrealLearningKit/Content/PinRPG_Potion_Assets/Textures/T_Potion_153.uasset",
				"C:/Users/Sky/OneDrive/Desktop/cs415/CS415MPs/Unreal Projects/UnrealLearningKit/Content/PinRPG_Potion_Assets/Textures/T_Potion_152.uasset",
				"C:/Users/Sky/OneDrive/Desktop/cs415/CS415MPs/Unreal Projects/UnrealLearningKit/Content/PinRPG_Potion_Assets/Textures/T_Potion_151.uasset",
				"C:/Users/Sky/OneDrive/Desktop/cs415/CS415MPs/Unreal Projects/UnrealLearningKit/Content/PinRPG_Potion_Assets/Textures/T_Potion_150.uasset",
				"C:/Users/Sky/OneDrive/Desktop/cs415/CS415MPs/Unreal Projects/UnrealLearningKit/Content/PinRPG_Potion_Assets/Textures/T_Potion_15.uasset",
				"C:/Users/Sky/OneDrive/Desktop/cs415/CS415MPs/Unreal Projects/UnrealLearningKit/Content/PinRPG_Potion_Assets/Textures/T_Potion_149.uasset",
				"C:/Users/Sky/OneDrive/Desktop/cs415/CS415MPs/Unreal Projects/UnrealLearningKit/Content/PinRPG_Potion_Assets/Textures/T_Potion_148.uasset",
				"C:/Users/Sky/OneDrive/Desktop/cs415/CS415MPs/Unreal Projects/UnrealLearningKit/Content/PinRPG_Potion_Assets/Textures/T_Potion_147.uasset",
				"C:/Users/Sky/OneDrive/Desktop/cs415/CS415MPs/Unreal Projects/UnrealLearningKit/Content/PinRPG_Potion_Assets/Textures/T_Potion_146.uasset",
				"C:/Users/Sky/OneDrive/Desktop/cs415/CS415MPs/Unreal Projects/UnrealLearningKit/Content/PinRPG_Potion_Assets/Textures/T_Potion_145.uasset",
				"C:/Users/Sky/OneDrive/Desktop/cs415/CS415MPs/Unreal Projects/UnrealLearningKit/Content/PinRPG_Potion_Assets/Textures/T_Potion_144.uasset",
				"C:/Users/Sky/OneDrive/Desktop/cs415/CS415MPs/Unreal Projects/UnrealLearningKit/Content/PinRPG_Potion_Assets/Textures/T_Potion_143.uasset",
				"C:/Users/Sky/OneDrive/Desktop/cs415/CS415MPs/Unreal Projects/UnrealLearningKit/Content/PinRPG_Potion_Assets/Textures/T_Potion_142.uasset",
				"C:/Users/Sky/OneDrive/Desktop/cs415/CS415MPs/Unreal Projects/UnrealLearningKit/Content/PinRPG_Potion_Assets/Textures/T_Potion_141.uasset",
				"C:/Users/Sky/OneDrive/Desktop/cs415/CS415MPs/Unreal Projects/UnrealLearningKit/Content/PinRPG_Potion_Assets/Textures/T_Potion_140.uasset",
				"C:/Users/Sky/OneDrive/Desktop/cs415/CS415MPs/Unreal Projects/UnrealLearningKit/Content/PinRPG_Potion_Assets/Textures/T_Potion_14.uasset",
				"C:/Users/Sky/OneDrive/Desktop/cs415/CS415MPs/Unreal Projects/UnrealLearningKit/Content/PinRPG_Potion_Assets/Textures/T_Potion_139.uasset",
				"C:/Users/Sky/OneDrive/Desktop/cs415/CS415MPs/Unreal Projects/UnrealLearningKit/Content/PinRPG_Potion_Assets/Textures/T_Potion_138.uasset",
				"C:/Users/Sky/OneDrive/Desktop/cs415/CS415MPs/Unreal Projects/UnrealLearningKit/Content/PinRPG_Potion_Assets/Textures/T_Potion_137.uasset",
				"C:/Users/Sky/OneDrive/Desktop/cs415/CS415MPs/Unreal Projects/UnrealLearningKit/Content/PinRPG_Potion_Assets/Textures/T_Potion_136.uasset",
				"C:/Users/Sky/OneDrive/Desktop/cs415/CS415MPs/Unreal Projects/UnrealLearningKit/Content/PinRPG_Potion_Assets/Textures/T_Potion_135.uasset",
				"C:/Users/Sky/OneDrive/Desktop/cs415/CS415MPs/Unreal Projects/UnrealLearningKit/Content/PinRPG_Potion_Assets/Textures/T_Potion_132.uasset",
				"C:/Users/Sky/OneDrive/Desktop/cs415/CS415MPs/Unreal Projects/UnrealLearningKit/Content/PinRPG_Potion_Assets/Textures/T_Potion_131.uasset",
				"C:/Users/Sky/OneDrive/Desktop/cs415/CS415MPs/Unreal Projects/UnrealLearningKit/Content/PinRPG_Potion_Assets/Textures/T_Potion_130.uasset",
				"C:/Users/Sky/OneDrive/Desktop/cs415/CS415MPs/Unreal Projects/UnrealLearningKit/Content/PinRPG_Potion_Assets/Textures/T_Potion_13.uasset",
				"C:/Users/Sky/OneDrive/Desktop/cs415/CS415MPs/Unreal Projects/UnrealLearningKit/Content/PinRPG_Potion_Assets/Textures/T_Potion_129.uasset",
				"C:/Users/Sky/OneDrive/Desktop/cs415/CS415MPs/Unreal Projects/UnrealLearningKit/Content/PinRPG_Potion_Assets/Textures/T_Potion_128.uasset",
				"C:/Users/Sky/OneDrive/Desktop/cs415/CS415MPs/Unreal Projects/UnrealLearningKit/Content/PinRPG_Potion_Assets/Textures/T_Potion_127.uasset",
				"C:/Users/Sky/OneDrive/Desktop/cs415/CS415MPs/Unreal Projects/UnrealLearningKit/Content/PinRPG_Potion_Assets/Textures/T_Potion_126.uasset",
				"C:/Users/Sky/OneDrive/Desktop/cs415/CS415MPs/Unreal Projects/UnrealLearningKit/Content/PinRPG_Potion_Assets/Textures/T_Potion_125.uasset",
				"C:/Users/Sky/OneDrive/Desktop/cs415/CS415MPs/Unreal Projects/UnrealLearningKit/Content/PinRPG_Potion_Assets/Textures/T_Potion_124.uasset",
				"C:/Users/Sky/OneDrive/Desktop/cs415/CS415MPs/Unreal Projects/UnrealLearningKit/Content/PinRPG_Potion_Assets/Textures/T_Potion_123.uasset",
				"C:/Users/Sky/OneDrive/Desktop/cs415/CS415MPs/Unreal Projects/UnrealLearningKit/Content/PinRPG_Potion_Assets/Textures/T_Potion_122.uasset",
				"C:/Users/Sky/OneDrive/Desktop/cs415/CS415MPs/Unreal Projects/UnrealLearningKit/Content/PinRPG_Potion_Assets/Textures/T_Potion_121.uasset",
				"C:/Users/Sky/OneDrive/Desktop/cs415/CS415MPs/Unreal Projects/UnrealLearningKit/Content/PinRPG_Potion_Assets/Textures/T_Potion_120.uasset",
				"C:/Users/Sky/OneDrive/Desktop/cs415/CS415MPs/Unreal Projects/UnrealLearningKit/Content/PinRPG_Potion_Assets/Textures/T_Potion_12.uasset",
				"C:/Users/Sky/OneDrive/Desktop/cs415/CS415MPs/Unreal Projects/UnrealLearningKit/Content/PinRPG_Potion_Assets/Textures/T_Potion_119.uasset",
				"C:/Users/Sky/OneDrive/Desktop/cs415/CS415MPs/Unreal Projects/UnrealLearningKit/Content/PinRPG_Potion_Assets/Textures/T_Potion_118.uasset",
				"C:/Users/Sky/OneDrive/Desktop/cs415/CS415MPs/Unreal Projects/UnrealLearningKit/Content/PinRPG_Potion_Assets/Textures/T_Potion_117.uasset",
				"C:/Users/Sky/OneDrive/Desktop/cs415/CS415MPs/Unreal Projects/UnrealLearningKit/Content/PinRPG_Potion_Assets/Textures/T_Potion_116.uasset",
				"C:/Users/Sky/OneDrive/Desktop/cs415/CS415MPs/Unreal Projects/UnrealLearningKit/Content/PinRPG_Potion_Assets/Textures/T_Potion_115.uasset",
				"C:/Users/Sky/OneDrive/Desktop/cs415/CS415MPs/Unreal Projects/UnrealLearningKit/Content/PinRPG_Potion_Assets/Textures/T_Potion_114.uasset",
				"C:/Users/Sky/OneDrive/Desktop/cs415/CS415MPs/Unreal Projects/UnrealLearningKit/Content/PinRPG_Potion_Assets/Textures/T_Potion_113.uasset",
				"C:/Users/Sky/OneDrive/Desktop/cs415/CS415MPs/Unreal Projects/UnrealLearningKit/Content/PinRPG_Potion_Assets/Textures/T_Potion_112.uasset",
				"C:/Users/Sky/OneDrive/Desktop/cs415/CS415MPs/Unreal Projects/UnrealLearningKit/Content/PinRPG_Potion_Assets/Textures/T_Potion_111.uasset",
				"C:/Users/Sky/OneDrive/Desktop/cs415/CS415MPs/Unreal Projects/UnrealLearningKit/Content/PinRPG_Potion_Assets/Textures/T_Potion_110.uasset",
				"C:/Users/Sky/OneDrive/Desktop/cs415/CS415MPs/Unreal Projects/UnrealLearningKit/Content/PinRPG_Potion_Assets/Textures/T_Potion_11.uasset",
				"C:/Users/Sky/OneDrive/Desktop/cs415/CS415MPs/Unreal Projects/UnrealLearningKit/Content/PinRPG_Potion_Assets/Textures/T_Potion_109.uasset",
				"C:/Users/Sky/OneDrive/Desktop/cs415/CS415MPs/Unreal Projects/UnrealLearningKit/Content/PinRPG_Potion_Assets/Textures/T_Potion_108.uasset",
				"C:/Users/Sky/OneDrive/Desktop/cs415/CS415MPs/Unreal Projects/UnrealLearningKit/Content/PinRPG_Potion_Assets/Textures/T_Potion_107.uasset",
				"C:/Users/Sky/OneDrive/Desktop/cs415/CS415MPs/Unreal Projects/UnrealLearningKit/Content/PinRPG_Potion_Assets/Textures/T_Potion_106.uasset",
				"C:/Users/Sky/OneDrive/Desktop/cs415/CS415MPs/Unreal Projects/UnrealLearningKit/Content/PinRPG_Potion_Assets/Textures/T_Potion_105.uasset",
				"C:/Users/Sky/OneDrive/Desktop/cs415/CS415MPs/Unreal Projects/UnrealLearningKit/Content/PinRPG_Potion_Assets/Textures/T_Potion_104.uasset",
				"C:/Users/Sky/OneDrive/Desktop/cs415/CS415MPs/Unreal Projects/UnrealLearningKit/Content/PinRPG_Potion_Assets/Textures/T_Potion_103.uasset",
				"C:/Users/Sky/OneDrive/Desktop/cs415/CS415MPs/Unreal Projects/UnrealLearningKit/Content/PinRPG_Potion_Assets/Textures/T_Potion_102.uasset",
				"C:/Users/Sky/OneDrive/Desktop/cs415/CS415MPs/Unreal Projects/UnrealLearningKit/Content/PinRPG_Potion_Assets/Textures/T_Potion_101.uasset",
				"C:/Users/Sky/OneDrive/Desktop/cs415/CS415MPs/Unreal Projects/UnrealLearningKit/Content/PinRPG_Potion_Assets/Textures/T_Potion_100.uasset",
				"C:/Users/Sky/OneDrive/Desktop/cs415/CS415MPs/Unreal Projects/UnrealLearningKit/Content/PinRPG_Potion_Assets/Textures/T_Potion_10.uasset",
				"C:/Users/Sky/OneDrive/Desktop/cs415/CS415MPs/Unreal Projects/UnrealLearningKit/Content/PinRPG_Potion_Assets/Textures/T_Potion_1.uasset",
				"C:/Users/Sky/OneDrive/Desktop/cs415/CS415MPs/Unreal Projects/UnrealLearningKit/Content/PinRPG_Potion_Assets/Textures/T_Potion_134.uasset",
				"C:/Users/Sky/OneDrive/Desktop/cs415/CS415MPs/Unreal Projects/UnrealLearningKit/Content/PinRPG_Potion_Assets/Textures/T_Potion_133.uasset",
				"C:/Users/Sky/OneDrive/Documents/Unreal Projects/UnrealLearningKit/Content/LearningKit_Games/Blueprints/PlayerCharacter/UI/WB_Main.uasset",
				"C:/Users/Sky/OneDrive/Documents/Unreal Projects/UnrealLearningKit/Content/LearningKit_Games/Blueprints/PlayerCharacter/UI/IMG_BlackSquare_Flat.uasset",
				"C:/Users/Sky/OneDrive/Documents/Unreal Projects/UnrealLearningKit/Content/LearningKit_Games/Blueprints/PlayerCharacter/UI/IMG_BlackSquareDark_Flat.uasset",
				"C:/Users/Sky/OneDrive/Documents/Unreal Projects/UnrealLearningKit/Content/LearningKit_Games/Blueprints/PlayerCharacter/UI/IMG_BlueSquare_Flat.uasset",
				"C:/Users/Sky/OneDrive/Documents/Unreal Projects/UnrealLearningKit/Content/LearningKit_Games/Blueprints/PlayerCharacter/UI/IMG_RedSquare_Flat.uasset"
			]
		}
	]
}